total_bill,tip,sex,smoker,day,time,size
16.99,1.01,Female,No,Sun,Dinner,2
10.34,1.66,Male,No,Sun,Dinner,3
21.01,3.5,Male,No,Sun,Dinner,3
23.68,3.31,Male,No,Sun,Dinner,2
24.59,3.61,Female,No,Sun,Dinner,4
25.29,4.71,Male,No,Sun,Dinner,4
8.77,2.0,Male,No,Sun,Dinner,2
26.88,3.12,Male,No,Sun,Dinner,4
15.04,1.96,Male,No,Sun,Dinner,2
14.78,3.23,Male,No,Sun,Dinner,2
10.27,1.71,Male,No,Sun,Dinner,2
35.26,5.0,Female,No,Sun,Dinner,4
15.42,1.57,Male,No,Sun,Dinner,2
18.43,3.0,Male,No,Sun,Dinner,4
14.83,3.02,Female,No,Sun,Dinner,2
21.58,3.92,Male,No,Sun,Dinner,2
10.33,1.67,Female,No,Sun,Dinner,3
16.29,3.71,Male,No,Sun,Dinner,3
16.97,3.5,Female,No,Sun,Dinner,3
20.83,3.15,Male,No,Sun,Dinner,3
16.48,3.0,Male,No,Sat,Dinner,3
20.69,2.67,Male,No,Sat,Dinner,3
19.08,1.5,Female,No,Sat,Dinner,2
19.81,4.19,Female,No,Sat,Dinner,2
16.24,2.0,Female,No,Sat,Dinner,2
16.64,2.0,Female,No,Sat,Dinner,2
17.27,2.17,Female,No,Sat,Dinner,2
17.73,1.87,Male,No,Sat,Dinner,2
20.9,2.7,Male,No,Sat,Dinner,3
18.0,2.0,Male,Yes,Sat,Dinner,2
20.9,3.9,Female,No,Sat,Dinner,3
17.92,3.6,Female,No,Sat,Dinner,2
15.36,1.64,Female,Yes,Sat,Dinner,2
13.07,1.5,Female,No,Sat,Dinner,2
19.71,2.75,Male,No,Sat,Dinner,3
15.46,1.9,Male,Yes,Sat,Dinner,2
14.83,1.85,Male,No,Sat,Dinner,2
10.29,1.5,Female,No,Sat,Dinner,2
22.65,3.0,Female,No,Sat,Dinner,2
11.65,1.25,Female,No,Sat,Dinner,2
25.56,4.34,Male,Yes,Sat,Dinner,4
20.69,3.0,Male,No,Sat,Dinner,3
22.4,3.1,Male,No,Sat,Dinner,3
20.76,2.0,Female,No,Sat,Dinner,2
18.79,2.6,Female,No,Sat,Dinner,2
11.27,1.45,Female,No,Sat,Dinner,2
25.71,3.95,Female,No,Sat,Dinner,4
14.07,2.5,Female,No,Sat,Dinner,2
13.0,2.3,Female,No,Sat,Dinner,2
17.89,3.3,Male,No,Sat,Dinner,3
19.0,2.3,Male,Yes,Sat,Dinner,3
20.9,3.6,Female,No,Sat,Dinner,3
11.35,1.65,Female,No,Sun,Dinner,2
8.72,1.25,Female,No,Sun,Dinner,2
16.0,2.5,Male,Yes,Sun,Dinner,2
19.25,2.0,Male,No,Sun,Dinner,2
29.85,5.14,Female,No,Sun,Dinner,5
16.81,2.7,Male,No,Sun,Dinner,2
16.3,2.7,Male,No,Sun,Dinner,2
17.63,2.75,Female,No,Sun,Dinner,2
24.5,3.55,Male,No,Sun,Dinner,2
20.92,3.15,Female,No,Sun,Dinner,3
18.99,2.5,Male,No,Sun,Dinner,2
12.06,2.0,Female,No,Sun,Dinner,2
20.39,3.0,Female,No,Sun,Dinner,4
30.94,4.9,Male,No,Sun,Dinner,3
15.77,2.1,Female,No,Sun,Dinner,2
18.02,2.3,Male,No,Sun,Dinner,2
23.86,3.15,Male,No,Sun,Dinner,3
16.99,2.55,Female,No,Sun,Dinner,2
25.18,2.75,Female,No,Thur,Lunch,3
17.41,2.1,Female,No,Thur,Lunch,2
17.07,2.5,Male,No,Thur,Lunch,3
20.45,1.95,Male,No,Thur,Lunch,2
17.1,2.0,Male,No,Thur,Lunch,2
12.61,1.8,Male,No,Thur,Lunch,2
16.8,1.85,Male,No,Thur,Lunch,2
16.29,1.75,Male,No,Thur,Lunch,2
14.68,2.0,Male,No,Thur,Lunch,2
10.49,1.25,Female,No,Thur,Lunch,2
13.1,1.5,Female,No,Thur,Lunch,2
10.27,1.5,Female,No,Thur,Lunch,2
20.45,2.4,Female,No,Thur,Lunch,2
17.22,2.0,Male,No,Thur,Lunch,2
19.34,2.5,Male,No,Thur,Lunch,3
17.78,2.0,Male,No,Thur,Lunch,2
17.9,1.82,Male,No,Thur,Lunch,2
16.78,2.0,Male,No,Thur,Lunch,2
17.81,2.1,Male,No,Thur,Lunch,2
14.04,1.5,Female,No,Thur,Lunch,2
16.54,2.0,Male,No,Thur,Lunch,2
22.55,3.0,Female,No,Thur,Lunch,2
14.26,1.5,Female,No,Thur,Lunch,2
14.1,2.0,Male,No,Thur,Lunch,2
19.58,2.5,Female,No,Thur,Lunch,2
20.53,2.5,Female,No,Thur,Lunch,3
10.53,1.5,Male,No,Thur,Lunch,2
20.72,2.0,Female,No,Thur,Lunch,2
16.0,2.5,Female,Yes,Fri,Lunch,2
17.15,2.0,Female,No,Fri,Lunch,2
22.06,2.0,Male,Yes,Fri,Lunch,2
14.83,2.5,Female,No,Fri,Lunch,2
20.45,3.5,Female,No,Fri,Dinner,3
25.56,4.0,Male,Yes,Fri,Dinner,4
22.74,4.5,Male,No,Fri,Dinner,3
20.9,3.5,Female,Yes,Fri,Dinner,3
32.98,4.0,Male,Yes,Fri,Dinner,3
20.68,3.5,Male,Yes,Fri,Dinner,3
27.9,3.0,Male,No,Fri,Dinner,3
31.18,3.5,Male,No,Fri,Dinner,2
25.89,3.0,Male,Yes,Fri,Dinner,4
18.78,3.0,Female,No,Fri,Dinner,2
24.06,4.0,Male,No,Fri,Dinner,3
20.63,2.0,Female,No,Fri,Dinner,2
26.41,3.5,Female,No,Sat,Dinner,3
19.59,3.0,Female,No,Sat,Dinner,2
22.07,2.5,Female,No,Sat,Dinner,3
15.69,2.0,Female,Yes,Sat,Dinner,2
22.21,3.0,Male,Yes,Sat,Dinner,3
21.01,2.5,Male,Yes,Sat,Dinner,3
19.6,2.0,Female,Yes,Sat,Dinner,2
24.41,5.0,Male,No,Sat,Dinner,4
19.08,2.0,Male,No,Sat,Dinner,3
17.58,2.5,Male,Yes,Sat,Dinner,2
23.7,4.0,Male,No,Sat,Dinner,3
19.56,2.0,Male,Yes,Sat,Dinner,3
28.7,3.0,Male,No,Sat,Dinner,3
23.33,4.0,Female,No,Sat,Dinner,2
19.62,2.5,Male,Yes,Sat,Dinner,2
24.3,4.0,Female,No,Sat,Dinner,3
17.07,3.0,Female,No,Sat,Dinner,3
16.28,2.5,Female,No,Sat,Dinner,2
15.69,2.0,Male,Yes,Sat,Dinner,2
24.48,4.0,Male,No,Sat,Dinner,3
17.82,2.5,Male,No,Sat,Dinner,2
17.3,2.0,Male,No,Sat,Dinner,2
19.98,2.5,Male,No,Thur,Lunch,2
24.34,3.0,Male,No,Thur,Lunch,3
19.51,2.0,Male,No,Thur,Lunch,2
19.81,3.0,Female,No,Thur,Lunch,2
19.43,2.0,Male,No,Thur,Lunch,2
22.13,2.5,Male,No,Thur,Lunch,2
16.29,2.0,Female,No,Thur,Lunch,2
17.06,2.5,Male,No,Thur,Lunch,2
26.92,3.0,Male,No,Thur,Lunch,3
25.83,4.0,Female,No,Thur,Lunch,3
24.3,4.0,Female,No,Thur,Lunch,3
32.83,5.0,Female,No,Thur,Lunch,3
36.03,5.0,Female,No,Thur,Lunch,3
19.15,1.5,Male,No,Thur,Lunch,2
17.07,2.5,Male,No,Thur,Lunch,3
21.44,4.0,Male,Yes,Fri,Dinner,3
23.41,3.5,Male,Yes,Fri,Dinner,2
18.7,4.0,Female,No,Sat,Dinner,3
15.9,2.0,Female,No,Fri,Dinner,3
28.62,4.0,Female,No,Sat,Dinner,4
23.97,4.0,Male,No,Sat,Dinner,3
20.32,2.0,Female,No,Sat,Dinner,3
14.7,2.0,Female,No,Sat,Dinner,2
13.48,2.0,Female,No,Sat,Dinner,2
30.52,4.0,Female,No,Sat,Dinner,3
19.45,2.0,Female,No,Sat,Dinner,3
13.14,2.5,Female,No,Sat,Dinner,2
20.55,3.0,Female,No,Sat,Dinner,3
17.83,2.0,Male,No,Sat,Dinner,2
23.73,4.0,Male,No,Sat,Dinner,2
16.58,2.5,Male,No,Sat,Dinner,2
19.46,3.0,Female,No,Sat,Dinner,3
21.96,3.0,Female,Yes,Sat,Dinner,3
19.21,3.0,Male,No,Sat,Dinner,2
19.52,2.5,Female,No,Sat,Dinner,2
17.14,2.0,Female,No,Sat,Dinner,2
22.64,2.0,Male,No,Sat,Dinner,3
21.16,3.0,Male,No,Sat,Dinner,2
19.96,3.5,Male,No,Sat,Dinner,3
19.8,2.0,Male,No,Thur,Lunch,3
20.09,2.0,Female,No,Thur,Lunch,3
25.56,4.0,Female,No,Thur,Lunch,3
17.68,3.0,Male,No,Thur,Lunch,2
27.2,4.0,Male,No,Thur,Lunch,4
20.83,4.0,Female,No,Thur,Lunch,3
22.43,4.0,Female,No,Thur,Lunch,3
27.0,3.5,Male,No,Thur,Lunch,3
22.46,3.5,Female,No,Thur,Lunch,3
23.73,3.5,Male,No,Thur,Lunch,3
16.77,3.0,Female,No,Thur,Lunch,2
18.85,2.5,Male,No,Thur,Lunch,2
18.66,2.0,Female,No,Thur,Lunch,2
15.98,2.0,Female,No,Thur,Lunch,2
15.32,2.0,Female,No,Fri,Lunch,2
18.81,3.0,Female,No,Fri,Lunch,2
13.16,2.0,Female,No,Fri,Lunch,2
17.6,4.0,Female,No,Fri,Lunch,2
22.65,3.5,Male,No,Fri,Lunch,2
19.88,2.0,Male,No,Fri,Lunch,2
19.35,2.5,Male,No,Fri,Lunch,2
22.8,4.0,Male,Yes,Fri,Dinner,3
23.78,5.0,Female,No,Fri,Dinner,2
21.82,3.0,Female,No,Fri,Dinner,2
30.65,3.5,Female,No,Fri,Dinner,3
22.04,2.0,Male,No,Fri,Dinner,2
18.54,2.5,Female,No,Fri,Dinner,2
20.75,2.0,Female,No,Fri,Dinner,2
16.94,3.0,Female,No,Fri,Dinner,2
42.1,4.5,Female,No,Sat,Dinner,4
27.4,6.0,Male,No,Sat,Dinner,4
32.0,3.0,Male,No,Sat,Dinner,3
29.55,3.0,Female,No,Sat,Dinner,3
39.45,5.0,Female,No,Sat,Dinner,4
24.25,4.0,Female,No,Sat,Dinner,3
28.5,4.0,Male,No,Sat,Dinner,3
26.66,3.0,Male,No,Sat,Dinner,3
27.35,4.0,Female,No,Sat,Dinner,3
33.3,5.0,Female,No,Sat,Dinner,4
28.0,3.0,Male,No,Sat,Dinner,3
23.55,4.0,Male,No,Sat,Dinner,3
50.81,10.0,Male,Yes,Sat,Dinner,3
41.46,5.0,Female,No,Sat,Dinner,4
43.11,5.0,Female,Yes,Sat,Dinner,4
24.15,3.5,Female,No,Sat,Dinner,3
36.0,5.0,Female,No,Sat,Dinner,4
33.28,5.0,Female,No,Sat,Dinner,4
28.74,4.0,Female,No,Sat,Dinner,4
29.7,5.0,Male,No,Sat,Dinner,3
32.0,3.5,Female,No,Sat,Dinner,3
28.35,4.5,Female,No,Sat,Dinner,3
33.0,5.0,Female,No,Sat,Dinner,4
42.39,6.0,Male,No,Sat,Dinner,4
26.86,3.5,Female,No,Sat,Dinner,3
29.1,5.0,Male,No,Sat,Dinner,3
